{
  "legal_move_rate": {
    "overall": 0.034,
    "by_ply_bucket": {
      "5": 0.08450704225352113,
      "10": 0.018867924528301886,
      "15": 0.01904761904761905,
      "20": 0.03896103896103896,
      "25": 0.04,
      "30": 0.0,
      "35": 0.03333333333333333,
      "40": 0.0,
      "45": 0.0,
      "50": 0.0
    },
    "n_samples": 500
  }
}